First Last,First,Last,Company,Domain
Nancy Nazzaruolo,Nancy,Nazzaruolo,Nature's Bounty Co.,www.nbty.com
Thomas Mantel,Thomas,Mantel,Pm International,www.pm-international.com
Ester Niska,Ester,Niska,The Juice Plus+ Company,www.juiceplus.com
Linda Groves,Linda,Groves,"AdvoCare International, L.P.",www.advocare.com
Wayne Gorsek,Wayne,Gorsek,"DrVita, Inc.",www.drvita.com
John Minatelli,John,Minatelli,"U.S. Nutraceuticals, LLC",www.valensa.com
Lois Anglin,Lois,Anglin,The Sunrider Corporation,www.sunrider.com
Karen Green,Karen,Green,"Princess House, Inc.",www.princesshouse.com
Virginia Burns Wilson,Virginia,Wilson,Shaklee Authorized Distributor,www.shaklee.net
Andreas Janzen,Andreas,Janzen,Visalus,www.visalus.com
Una Hebner,Una,Hebner,Visalus,www.visalus.com
Molly Cahill,Molly,Cahill,"Princess House, Inc.",www.princesshouse.com
Addie Spahr Kim,Addie,Kim,The Juice Plus+ Company,www.juiceplus.com
Cdces Kati Sarbu,Cdces,Sarbu,The Juice Plus+ Company,www.juiceplus.com
Gerd Niedernhuber,Gerd,Niedernhuber,Pm International,www.pm-international.com
Justina Rudez,Justina,Rudez,USANA Health Sciences Inc,www.usana.com
Walters Drina,Walters,Drina,Sk Usa,www.smoothieking.com
Gloria Kennedy Baird,Gloria,Baird,"Genesis Pure, Inc",www.genesispure.com
Veronica Mccarthy,Veronica,Mccarthy,Reliv International Inc,www.reliv.com
Eric Lee,,,Visalus,www.visalus.com
